{
  "stats": {
    "one_two": {
      "count": 855.0,
      "mean": 0.776,
      "std": 0.0768,
      "min": 0.1681,
      "25%": 0.7501,
      "50%": 0.7915,
      "75%": 0.8235,
      "max": 0.9061
    },
    "one_something": {
      "count": 855.0,
      "mean": 0.8642,
      "std": 0.0586,
      "min": 0.3375,
      "25%": 0.8486,
      "50%": 0.8771,
      "75%": 0.8966,
      "max": 0.9672
    },
    "count_all": {
      "count": 855.0,
      "mean": 0.851,
      "std": 0.0792,
      "min": 0.3375,
      "25%": 0.8348,
      "50%": 0.8716,
      "75%": 0.8943,
      "max": 0.9516
    },
    "one_change": {
      "count": 855.0,
      "mean": 0.224,
      "std": 0.0768,
      "min": 0.0939,
      "25%": 0.1765,
      "50%": 0.2085,
      "75%": 0.2499,
      "max": 0.8319
    },
    "one_skip": {
      "count": 855.0,
      "mean": 0.0603,
      "std": 0.0311,
      "min": 0.0109,
      "25%": 0.0426,
      "50%": 0.0544,
      "75%": 0.0685,
      "max": 0.2808
    }
  },
  "invalid_counts": {
    "one_two": "273",
    "one_something": "273",
    "count_all": "273"
  },
  "rank": {
    "rank1": {
      "count": 855.0,
      "mean": 0.0,
      "std": 0.0,
      "min": 0.0,
      "25%": 0.0,
      "50%": 0.0,
      "75%": 0.0,
      "max": 0.0
    },
    "rank2": {
      "count": 855.0,
      "mean": 0.7759758130266682,
      "std": 0.07680516067063521,
      "min": 0.168141592920354,
      "25%": 0.7501256281407035,
      "50%": 0.7915492957746478,
      "75%": 0.8235198894298847,
      "max": 0.9061186361513311
    },
    "rank3": {
      "count": 855.0,
      "mean": 0.06505141599696489,
      "std": 0.020925578813276717,
      "min": 0.025724976613657625,
      "25%": 0.051351200711582556,
      "50%": 0.06144496961512492,
      "75%": 0.07572605983129124,
      "max": 0.18433179723502305
    },
    "rank4": {
      "count": 855.0,
      "mean": 0.015255070690903845,
      "std": 0.006470414429221359,
      "min": 0.002615062761506276,
      "25%": 0.010881093996405309,
      "50%": 0.014323607427055704,
      "75%": 0.018466854908677662,
      "max": 0.0594059405940594
    },
    "rank5": {
      "count": 841.0,
      "mean": 0.004597743217471437,
      "std": 0.0031044472675578775,
      "min": 0.0,
      "25%": 0.002711864406779661,
      "50%": 0.003975535168195718,
      "75%": 0.005569306930693069,
      "max": 0.02964793082149475
    },
    "rank6": {
      "count": 768.0,
      "mean": 0.002157309452086734,
      "std": 0.0024385961340522163,
      "min": 0.0,
      "25%": 0.0010021798937379606,
      "50%": 0.0016556296433238927,
      "75%": 0.002664007496537827,
      "max": 0.03712871287128713
    },
    "rank7": {
      "count": 618.0,
      "mean": 0.0011896759051890449,
      "std": 0.001564596800533504,
      "min": 0.0,
      "25%": 0.00043441376526328886,
      "50%": 0.0008915091325442082,
      "75%": 0.0014454141184828653,
      "max": 0.019801980198019802
    },
    "rank8": {
      "count": 392.0,
      "mean": 0.0007992348262340912,
      "std": 0.000996754197010546,
      "min": 0.0,
      "25%": 0.0002320070667268364,
      "50%": 0.0005193444515161649,
      "75%": 0.0009642262817396508,
      "max": 0.008571428571428572
    },
    "rank9": {
      "count": 212.0,
      "mean": 0.0004945479954448521,
      "std": 0.0007025924484330122,
      "min": 0.0,
      "25%": 0.0,
      "50%": 0.00029524779196144955,
      "75%": 0.0006588757799824743,
      "max": 0.004742145820983995
    },
    "rank10": {
      "count": 107.0,
      "mean": 0.0004652495330034548,
      "std": 0.0009060833102939995,
      "min": 0.0,
      "25%": 0.0,
      "50%": 0.00020064205457463884,
      "75%": 0.00046785632772400044,
      "max": 0.006514657980456026
    },
    "rank11": {
      "count": 40.0,
      "mean": 0.00020135355080149053,
      "std": 0.00041578206416981834,
      "min": 0.0,
      "25%": 0.0,
      "50%": 0.0,
      "75%": 0.00018608229207232828,
      "max": 0.001783166904422254
    },
    "rank12": {
      "count": 15.0,
      "mean": 0.00014746453329961428,
      "std": 0.00029541034787771765,
      "min": 0.0,
      "25%": 0.0,
      "50%": 0.0,
      "75%": 0.00017401269930052517,
      "max": 0.0010683760683760685
    },
    "rank13": {
      "count": 7.0,
      "mean": 0.00017401910124210948,
      "std": 0.0002323239381950622,
      "min": 0.0,
      "25%": 0.0,
      "50%": 0.0,
      "75%": 0.0003358925691534295,
      "max": 0.0005463485703879075
    },
    "rank14": {
      "count": 1.0,
      "mean": 0.00018211619012930248,
      "std": NaN,
      "min": 0.00018211619012930248,
      "25%": 0.00018211619012930248,
      "50%": 0.00018211619012930248,
      "75%": 0.00018211619012930248,
      "max": 0.00018211619012930248
    }
  }
}