{
  "stats": {
    "one_two": {
      "count": 855.0,
      "mean": 0.776,
      "std": 0.0768,
      "min": 0.1681,
      "25%": 0.7501,
      "50%": 0.7915,
      "75%": 0.8235,
      "max": 0.9061
    },
    "one_something": {
      "count": 855.0,
      "mean": 0.8642,
      "std": 0.0586,
      "min": 0.3375,
      "25%": 0.8486,
      "50%": 0.8771,
      "75%": 0.8966,
      "max": 0.9672
    }
  },
  "invalid_counts": {
    "one_two": "0",
    "one_something": "0"
  },
  "rank": {
    "rank1": {
      "count": 855.0,
      "mean": 0.0,
      "std": 0.0,
      "min": 0.0,
      "25%": 0.0,
      "50%": 0.0,
      "75%": 0.0,
      "max": 0.0
    },
    "rank2": {
      "count": 855.0,
      "mean": 0.7759758130266682,
      "std": 0.07680516067063521,
      "min": 0.168141592920354,
      "25%": 0.7501256281407035,
      "50%": 0.7915492957746478,
      "75%": 0.8235198894298847,
      "max": 0.9061186361513311
    },
    "rank3": {
      "count": 855.0,
      "mean": 0.12096729385524609,
      "std": 0.15496030886575646,
      "min": 0.025724976613657625,
      "25%": 0.053755485487120044,
      "50%": 0.0659183186052066,
      "75%": 0.0860387617989499,
      "max": 0.8487687687687687
    },
    "rank4": {
      "count": 855.0,
      "mean": 0.018789311884761416,
      "std": 0.012341821290405125,
      "min": 0.002615062761506276,
      "25%": 0.01163106019088795,
      "50%": 0.015585357013410656,
      "75%": 0.021599266986036043,
      "max": 0.14418604651162792
    },
    "rank5": {
      "count": 841.0,
      "mean": 0.0057637003099846,
      "std": 0.00447989269584251,
      "min": 0.0,
      "25%": 0.002916666666666667,
      "50%": 0.004420866489832007,
      "75%": 0.007136678200692042,
      "max": 0.04573643410852713
    },
    "rank6": {
      "count": 768.0,
      "mean": 0.0026501446673014733,
      "std": 0.002728178307416995,
      "min": 0.0,
      "25%": 0.0011644805824202352,
      "50%": 0.0019499613429828009,
      "75%": 0.0033653436812244087,
      "max": 0.03712871287128713
    },
    "rank7": {
      "count": 618.0,
      "mean": 0.001566853642005298,
      "std": 0.0018380676407668002,
      "min": 0.0,
      "25%": 0.00059111513479497,
      "50%": 0.0010985023083179084,
      "75%": 0.0018736695078178638,
      "max": 0.019801980198019802
    },
    "rank8": {
      "count": 392.0,
      "mean": 0.0011254133935263465,
      "std": 0.0013092946694861851,
      "min": 0.0,
      "25%": 0.0003626966185221576,
      "50%": 0.0006880010905775801,
      "75%": 0.0014397910549105474,
      "max": 0.010512483574244415
    },
    "rank9": {
      "count": 212.0,
      "mean": 0.0008601604199803932,
      "std": 0.0010834315108644082,
      "min": 0.0,
      "25%": 0.00019842937368893848,
      "50%": 0.0005764879798995559,
      "75%": 0.001083247585767907,
      "max": 0.007227332457293035
    },
    "rank10": {
      "count": 107.0,
      "mean": 0.0007598368271271146,
      "std": 0.0010156413708187217,
      "min": 0.0,
      "25%": 0.0,
      "50%": 0.0004472938720739526,
      "75%": 0.0010725943514888238,
      "max": 0.006514657980456026
    },
    "rank11": {
      "count": 40.0,
      "mean": 0.0004280466838331314,
      "std": 0.0005550903000165739,
      "min": 0.0,
      "25%": 0.0,
      "50%": 0.00023642845178192877,
      "75%": 0.0005447860287733726,
      "max": 0.0021654395842356
    },
    "rank12": {
      "count": 15.0,
      "mean": 0.00021631829062114142,
      "std": 0.00030645239747237074,
      "min": 0.0,
      "25%": 0.0,
      "50%": 0.0,
      "75%": 0.00036383525245894087,
      "max": 0.0010683760683760685
    },
    "rank13": {
      "count": 7.0,
      "mean": 0.00025893776533110664,
      "std": 0.0003671188335147033,
      "min": 0.0,
      "25%": 0.0,
      "50%": 0.0,
      "75%": 0.0004939677201651955,
      "max": 0.0008246289169873557
    },
    "rank14": {
      "count": 1.0,
      "mean": 0.00018211619012930248,
      "std": NaN,
      "min": 0.00018211619012930248,
      "25%": 0.00018211619012930248,
      "50%": 0.00018211619012930248,
      "75%": 0.00018211619012930248,
      "max": 0.00018211619012930248
    }
  }
}