,plurality,plurality_runoff,IRV,smith_irv,smith_plurality,minimax,smith_minimax,ranked_pairs,Borda_PM,Borda_OM,Borda_AVG,bucklin
voters_compromise,-0.015703278497681335,-0.14227309517621986,-0.16440214064116918,-0.7369864868559581,-0.6883109621435133,-0.9048273787571202,-0.9050530114580624,-0.9094326024842551,-1.4064785035931007,-1.3968132683892684,-1.4066181580960668,-0.6711641415158283
voters_bullet,0.0,0.0,-0.09437260946465095,-0.07915050180437791,-0.07853324609358167,-0.0853472739303325,-0.0853472739303325,-0.08880002571599731,0.058836357276520396,-0.8615643049256327,-0.07910582391829489,0.163221130082149
voters_protect,0.0,-0.266716354214658,-0.3448613275381529,-1.1183202102652166,-1.077991533589434,-1.2061613892787992,-1.2061613892787992,-1.2071352148872994,-1.4454391885776945,-1.4357524465111737,-1.4454757659169755,-1.0996076465343945
voters_score,0.04930900351263073,0.001607694455389129,-0.012425468043590774,-0.022295978245009628,-0.022507186297105537,-0.019907446287764485,-0.019907446287764485,-0.019926638610540965,-0.017620534948011544,-0.02420454651870609,-0.018785161568859277,-0.015120131294642684
